id,name,address,city,state,zip
56,All Saints Episcopal Church,Not publicly listed,Anchorage,Alaska,00000
57,Alliance Christian Fellowship Church,Not publicly listed,Anchorage,Alaska,00000
59,Anchorage Alaska Temple (LDS),Not publicly listed,Anchorage,Alaska,00000
61,Anchorage Bible Fellowship,Not publicly listed,Anchorage,Alaska,00000
62,Arctic Grace Bible Church,Not publicly listed,Anchorage,Alaska,00000
72,First Presbyterian Church,Not publicly listed,Anchorage,Alaska,00000
85,Mountain City Church,Not publicly listed (Anchorage area),Anchorage,Alaska,00000
94,St. Andrew Catholic Church,Not publicly listed,Anchorage,Alaska,00000
95,St. Innocent Russian Orthodox Cathedral,Not publicly listed,Anchorage,Alaska,00000
98,St. Nicholas Orthodox Church,Not publicly listed,Anchorage,Alaska,00000
104,Unite Church,Not publicly listed (Anchorage area),Anchorage,Alaska,00000
63,Bible Baptist Church,Not publicly listed,Fairbanks,Alaska,00000
74,Friends Community Church,Not publicly listed,Fairbanks,Alaska,00000
79,Immaculate Conception Church,Not publicly listed,Fairbanks,Alaska,00000
80,Journey Christian Church,Not publicly listed (Fairbanks area),Fairbanks,Alaska,00000
96,St. Mark's University Catholic Church,Not publicly listed (near UAF),Fairbanks,Alaska,00000
103,True North Church (Fairbanks Campus),Not publicly listed (Fairbanks location),Fairbanks,Alaska,00000
67,Chapel By The Lake Presbyterian Church,Not publicly listed,Juneau,Alaska,00000
81,Juneau Church of Christ,Not publicly listed,Juneau,Alaska,00000
83,Kuneeix Hidi Northern Light United Church,Not publicly listed,Juneau,Alaska,00000
90,Riverside Baptist Church,Not publicly listed,Juneau,Alaska,00000
99,St. Nicholas Russian Orthodox Church,Not publicly listed,Juneau,Alaska,00000
101,St. Paul The Apostle Catholic Church,Not publicly listed,Juneau,Alaska,00000
82,Kenai Fellowship,Not publicly listed,Kenai,Alaska,00000
93,Sitka Lutheran Church,Not publicly listed,Sitka,Alaska,00000
69,Church of the Holy Ascension,Not publicly listed,Unalaska,Alaska,00000
64,Birch Harbor Baptist Church,"Mile 5 Knik Goose Bay Rd, Wasilla, AK",Wasilla,Alaska,00000
105,Valley Fellowship Church,Not publicly listed,Wasilla,Alaska,00000
106,Aspen Grove Community Church,Not publicly listed (Chandler area),Chandler,Arizona,00000
119,Flagstaff Christian Church,Not publicly listed,Flagstaff,Arizona,00000
151,University Bible Church,Near NAU campus,Flagstaff,Arizona,00000
129,Mountain Ridge Church,Not publicly listed,Glendale,Arizona,00000
128,Marana Community Church,Not publicly listed,Marana,Arizona,00000
127,Life.Church (Arizona locations),Various campuses,"Multiple (Phoenix, Mesa, etc.)",Arizona,00000
134,Oro Valley Church of Christ,Not publicly listed,Oro Valley,Arizona,00000
125,Hope City Church,Multiple campuses (main in Phoenix),Phoenix,Arizona,00000
138,Prescott Christian Church,Not publicly listed,Prescott,Arizona,00000
140,Prescott Valley United Methodist Church,Not publicly listed,Prescott Valley,Arizona,00000
116,Eastside Covenant Church,Not publicly listed,Tucson,Arizona,00000
142,SaddleBrooke Community Church,Not publicly listed (SaddleBrooke area),Tucson,Arizona,00000
150,Tucson Church International,Not publicly listed,Tucson,Arizona,00000
152,Vail Church,Not publicly listed,Vail,Arizona,00000
154,Yuma Church of Christ,Not publicly listed,Yuma,Arizona,00000
156,Yuma Southern Baptist Church,Not publicly listed,Yuma,Arizona,00000
165,First Baptist Church Batesville,Not publicly listed,Batesville,Arkansas,00000
204,The Bridge Church,Not publicly listed (Bentonville area),Bentonville,Arkansas,00000
183,First Christian Church Fayetteville,Not publicly listed,Fayetteville,Arkansas,00000
188,First United Methodist Church Fayetteville,Not publicly listed,Fayetteville,Arkansas,00000
184,First Presbyterian Church Fort Smith,Not publicly listed,Fort Smith,Arkansas,00000
198,Oak Cliff Bible Fellowship (Fort Smith Campus),Not publicly listed (Fort Smith location),Fort Smith,Arkansas,00000
185,First Presbyterian Church Hot Springs,Not publicly listed,Hot Springs,Arkansas,00000
172,First Baptist Church Jacksonville,Not publicly listed,Jacksonville,Arkansas,00000
190,First United Methodist Church Jonesboro,Not publicly listed,Jonesboro,Arkansas,00000
160,Christ Community Church,Not publicly listed,Little Rock,Arkansas,00000
164,First Assembly of God,Not publicly listed,Little Rock,Arkansas,00000
192,Grace Church of the Nazarene,Not publicly listed,Little Rock,Arkansas,00000
203,St. James Catholic Church,Not publicly listed,Little Rock,Arkansas,00000
174,First Baptist Church Malvern,Not publicly listed,Malvern,Arkansas,00000
176,First Baptist Church Mountain Home,Not publicly listed,Mountain Home,Arkansas,00000
191,First United Methodist Church Mountain Home,Not publicly listed,Mountain Home,Arkansas,00000
177,First Baptist Church Paragould,Not publicly listed,Paragould,Arkansas,00000
179,First Baptist Church Rogers,Not publicly listed,Rogers,Arkansas,00000
194,Immanuel Baptist Church Sherwood,Not publicly listed,Sherwood,Arkansas,00000
182,First Baptist Church Springdale,Not publicly listed,Springdale,Arkansas,00000
221,First Baptist Church Bakersfield,Not publicly listed,Bakersfield,California,00000
250,The Church of the Open Door,Not publicly listed,Bakersfield,California,00000
227,First Presbyterian Church Berkeley,Not publicly listed,Berkeley,California,00000
248,The Church of the Highlands (Fresno Campus),Not publicly listed (Fresno location),Fresno,California,00000
257,The Well Community Church,Not publicly listed,Fresno,California,00000
249,The Church of the Open Door,Not publicly listed,Glendora,California,00000
254,The Garden Church,Not publicly listed,Long Beach,California,00000
255,The Potter's House (Los Angeles Campus),Not publicly listed (LA location),Los Angeles,California,00000
258,Vintage Church,Not publicly listed (multiple LA locations),Los Angeles,California,00000
211,Calvary Chapel Oxnard,Not publicly listed,Oxnard,California,00000
247,The Church at the Well,Not publicly listed,San Diego,California,00000
245,The Bay Church,Not publicly listed,San Francisco,California,00000
208,Bay Area Christian Church,Not publicly listed,San Jose,California,00000
223,First Baptist Church San Jose,Not publicly listed,San Jose,California,00000
253,The Crossing,Not publicly listed,San Ramon,California,00000
251,The Church on the Hill,Not publicly listed,Ventura,California,00000
263,Calvary Chapel Aurora,Not publicly listed,Aurora,Colorado,00000
276,First Presbyterian Church Boulder,Not publicly listed,Boulder,Colorado,00000
280,Flatirons Community Church (Boulder Campus),Not publicly listed (Boulder location),Boulder,Colorado,00000
261,Breckenridge Community Church,Not publicly listed,Breckenridge,Colorado,00000
281,Flatirons Community Church (Broomfield Campus),Not publicly listed,Broomfield,Colorado,00000
268,Collegiate Peaks Church,Not publicly listed,Buena Vista,Colorado,00000
264,Centennial Covenant Church,Not publicly listed,Centennial,Colorado,00000
298,The Well,Multiple locations (main in Colorado Springs),Colorado Springs,Colorado,00000
271,Denver United Methodist Church,Not publicly listed,Denver,Colorado,00000
294,Riverside Baptist Church,Not publicly listed,Denver,Colorado,00000
282,Grace Chapel,Not publicly listed,Englewood,Colorado,00000
283,Greenwood Community Church,Not publicly listed,Englewood,Colorado,00000
267,Church of the Rockies,Not publicly listed,Estes Park,Colorado,00000
284,High Country United Methodist Church,Not publicly listed,Frisco,Colorado,00000
269,Crossroads Church Grand Junction,Not publicly listed,Grand Junction,Colorado,00000
300,Vintage Church,Not publicly listed,Longmont,Colorado,00000
291,Parker Evangelical Presbyterian Church,Not publicly listed,Parker,Colorado,00000
292,Pueblo First Baptist Church,Not publicly listed,Pueblo,Colorado,00000
275,First Baptist Church Thornton,Not publicly listed,Thornton,Colorado,00000
290,North Metro Church,Not publicly listed,Thornton,Colorado,00000
299,Vail Chapel,Not publicly listed,Vail,Colorado,00000
303,Bridgeport Baptist Church,Not publicly listed (Bridgeport area),Bridgeport,Connecticut,00000
330,Noroton Presbyterian Church,Not publicly listed,Darien,Connecticut,00000
331,South Congregational Church,Not publicly listed,East Hartford,Connecticut,00000
312,First Baptist Church of Hamden,Not publicly listed,Hamden,Connecticut,00000
341,United Church of Christ in Hamden,Not publicly listed,Hamden,Connecticut,00000
306,Central Baptist Church of Hartford,Not publicly listed,Hartford,Connecticut,00000
313,First Baptist Church of Manchester,Not publicly listed,Manchester,Connecticut,00000
309,Crossroads Church,Not publicly listed,New Haven,Connecticut,00000
314,First Baptist Church of New Haven,Not publicly listed,New Haven,Connecticut,00000
311,First Baptist Church Norwich,Not publicly listed,Norwich,Connecticut,00000
326,Harvest Time Church,Not publicly listed (Stamford area),Stamford,Connecticut,00000
315,First Baptist Church of Waterbury,Not publicly listed,Waterbury,Connecticut,00000
327,Immaculate Conception Church (Waterbury),Not publicly listed,Waterbury,Connecticut,00000
316,First Baptist Church of Westport,Not publicly listed,Westport,Connecticut,00000
317,First Church of Christ (Wethersfield),Not publicly listed,Wethersfield,Connecticut,00000
346,Bethel Wesleyan Church,Not publicly listed,Bethel,Delaware,00000
355,First Baptist Church of Blades,Not publicly listed,Blades,Delaware,00000
383,St. George United Methodist Church,Not publicly listed,Clarksville,Delaware,00000
352,Delaware City Presbyterian Church,Not publicly listed,Delaware City,Delaware,00000
363,Frankford United Methodist Church,Not publicly listed,Frankford,Delaware,00000
350,Community Bible Fellowship,Not publicly listed,Georgetown,Delaware,00000
357,First Baptist Church of Georgetown,Not publicly listed,Georgetown,Delaware,00000
390,St. Michael the Archangel Church,Not publicly listed,Georgetown,Delaware,00000
391,St. Paul's United Methodist Church,Not publicly listed,Georgetown,Delaware,00000
365,Greenwood-Milton Wesleyan Church,Not publicly listed,Greenwood,Delaware,00000
382,St. George Catholic Church,Not publicly listed,Harbeson,Delaware,00000
389,St. Mary of the Immaculate Conception,Not publicly listed,Hockessin,Delaware,00000
359,First Presbyterian Church of Laurel,Not publicly listed,Laurel,Delaware,00000
393,Union Church of Laurel,Not publicly listed,Laurel,Delaware,00000
344,Bethany Bible Chapel,Not publicly listed,Lincoln,Delaware,00000
369,Middletown Baptist Church,Not publicly listed,Middletown,Delaware,00000
379,St. Andrew's Episcopal Church,Not publicly listed,Middletown,Delaware,00000
358,First Baptist Church of Milford,Not publicly listed,Milford,Delaware,00000
360,First Presbyterian Church of Milford,Not publicly listed,Milford,Delaware,00000
370,Milford Church of the Nazarene,Not publicly listed,Milford,Delaware,00000
351,Community of Praise Church,Not publicly listed,Millsboro,Delaware,00000
353,Delmarva Church,Not publicly listed,Millsboro,Delaware,00000
388,St. Mark's United Methodist Church,Not publicly listed,Millsboro,Delaware,00000
343,Asbury United Methodist Church,Not publicly listed,Milton,Delaware,00000
361,First Presbyterian Church of Newark,Not publicly listed,Newark,Delaware,00000
371,New Hope Church,Not publicly listed,Newark,Delaware,00000
372,Newark Church of Christ,Not publicly listed,Newark,Delaware,00000
374,Pike Creek Valley Presbyterian Church,Not publicly listed,Newark,Delaware,00000
384,St. John Neumann Catholic Church,Not publicly listed,Newark,Delaware,00000
373,Ocean View Community Church,Not publicly listed,Ocean View,Delaware,00000
377,Seaford Church of God,Not publicly listed,Seaford,Delaware,00000
386,St. John's United Methodist Church,Not publicly listed,Seaford,Delaware,00000
378,Selbyville Church of God,Not publicly listed,Selbyville,Delaware,00000
362,First United Methodist Church Smyrna,Not publicly listed,Smyrna,Delaware,00000
345,Bethany Wesleyan Church,Not publicly listed,Wilmington,Delaware,00000
364,Grace United Methodist Church,Not publicly listed,Wilmington,Delaware,00000
409,First Baptist Church Daytona Beach,Not publicly listed,Daytona Beach,Florida,00000
434,St. Paul Catholic Church Daytona Beach,Not publicly listed,Daytona Beach,Florida,00000
407,Destin Church of Christ,Not publicly listed,Destin,Florida,00000
418,First Baptist Church of Fort Walton Beach,Not publicly listed,Fort Walton Beach,Florida,00000
437,The Potter's House (Jacksonville Campus),Not publicly listed,Jacksonville,Florida,00000
411,First Baptist Church Lakeland,Not publicly listed,Lakeland,Florida,00000
420,First Presbyterian Church Lakeland,Not publicly listed,Lakeland,Florida,00000
398,Calvary Chapel Melbourne,Not publicly listed,Melbourne,Florida,00000
412,First Baptist Church Melbourne,Not publicly listed,Melbourne,Florida,00000
424,Miami Vineyard Community Church,Not publicly listed (Miami area),Miami,Florida,00000
403,Church of Hope,Not publicly listed,Ocala,Florida,00000
421,First Presbyterian Church Ocala,Not publicly listed,Ocala,Florida,00000
396,Brentwood Baptist Church,Not publicly listed,Pensacola,Florida,00000
415,First Baptist Church Sarasota,Not publicly listed,Sarasota,Florida,00000
431,St. Martha Catholic Church,Not publicly listed,Sarasota,Florida,00000
435,St. Thomas Aquinas Catholic Church,Not publicly listed,St. Cloud,Florida,00000
404,City Church Tallahassee,Not publicly listed,Tallahassee,Florida,00000
436,The Crossing Church,Not publicly listed (Tampa area),Tampa,Florida,00000
417,First Baptist Church Vero Beach,Not publicly listed,Vero Beach,Florida,00000
428,St. Helen Catholic Church,Not publicly listed,Vero Beach,Florida,00000
449,First Baptist Church Albany,Not publicly listed,Albany,Georgia,00000
450,First Baptist Church Athens,Not publicly listed,Athens,Georgia,00000
462,First Presbyterian Church Athens,Not publicly listed,Athens,Georgia,00000
441,Cascade United Methodist Church,Not publicly listed,Atlanta,Georgia,00000
477,St. Luke's Episcopal Church,Not publicly listed,Atlanta,Georgia,00000
479,Westminster Presbyterian Church,Not publicly listed,Atlanta,Georgia,00000
452,First Baptist Church Augusta,Not publicly listed,Augusta,Georgia,00000
446,CrossPointe Church (Gwinnett),Not publicly listed,Duluth,Georgia,00000
445,Cross Church (Johns Creek Campus),Not publicly listed,Johns Creek,Georgia,00000
476,St. Benedict Catholic Church,Not publicly listed,Johns Creek,Georgia,00000
461,First Baptist Church of Jonesboro,Not publicly listed,Jonesboro,Georgia,00000
470,North Metro First Baptist Church,Not publicly listed,Lawrenceville,Georgia,00000
455,First Baptist Church Macon,Not publicly listed,Macon,Georgia,00000
463,First United Methodist Church Marietta,Not publicly listed,Marietta,Georgia,00000
472,North Point Community Church (East Cobb Campus),Not publicly listed (East Cobb location),Marietta,Georgia,00000
458,First Baptist Church Valdosta,Not publicly listed,Valdosta,Georgia,00000
459,First Baptist Church Warner Robins,Not publicly listed,Warner Robins,Georgia,00000
465,Free Chapel (Woodstock Campus),Not publicly listed (Woodstock location),Woodstock,Georgia,00000
485,First Baptist Church of Hilo,Not publicly listed,Hilo,Hawaii,00000
490,Hale Aloha Church,Not publicly listed,Hilo,Hawaii,00000
491,Hilo United Methodist Church,Not publicly listed,Hilo,Hawaii,00000
517,New Hope Big Island,Not publicly listed (Hilo area),Hilo,Hawaii,00000
492,Honokaa Seventh-day Adventist Church,Not publicly listed,Honokaa,Hawaii,00000
486,First Baptist Church of Honolulu,Not publicly listed,Honolulu,Hawaii,00000
488,First Chinese Church of Christ,Not publicly listed,Honolulu,Hawaii,00000
494,Hope Chapel Kaimuki,Not publicly listed (Kaimuki area),Honolulu,Hawaii,00000
504,Kaumakapili Church,Not publicly listed,Honolulu,Hawaii,00000
512,Lanakila Church,Not publicly listed,Honolulu,Hawaii,00000
514,Makiki Christian Church,Not publicly listed,Honolulu,Hawaii,00000
516,Moanalua Community Church,Not publicly listed,Honolulu,Hawaii,00000
520,Nuuanu Congregational Church,Not publicly listed,Honolulu,Hawaii,00000
521,Olivet Baptist Church,Not publicly listed,Honolulu,Hawaii,00000
524,St. Clement's Episcopal Church,Not publicly listed,Honolulu,Hawaii,00000
525,St. Elizabeth Church,Not publicly listed,Honolulu,Hawaii,00000
528,Waialae Community Church,Not publicly listed,Honolulu,Hawaii,00000
497,Kahului Union Church,Not publicly listed,Kahului,Hawaii,00000
498,Kailua Christian Church,Not publicly listed,Kailua,Hawaii,00000
499,Kailua United Methodist Church,Not publicly listed,Kailua,Hawaii,00000
509,Kona Community Church,Not publicly listed,Kailua-Kona,Hawaii,00000
530,Waimea Hawaiian Church,Not publicly listed,Kamuela,Hawaii,00000
519,New Hope Windward,Not publicly listed (Kaneohe area),Kaneohe,Hawaii,00000
523,St. Catherine Catholic Church,Not publicly listed,Kapa'a,Hawaii,00000
501,Kapaa First Hawaiian Church,Not publicly listed,Kapaa,Hawaii,00000
506,Kealakekua Union Church,Not publicly listed,Kealakekua,Hawaii,00000
508,Koloa Union Church,Not publicly listed,Koloa,Hawaii,00000
495,Hope Chapel West Maui,Not publicly listed (Lahaina area),Lahaina,Hawaii,00000
511,Lahaina United Methodist Church,Not publicly listed,Lahaina,Hawaii,00000
502,Kauai Bible Church,Not publicly listed,Lihue,Hawaii,00000
503,Kauai Christian Fellowship,Not publicly listed,Lihue,Hawaii,00000
513,Lihue Christian Church,Not publicly listed,Lihue,Hawaii,00000
515,Mililani Mauka Community Church,Not publicly listed,Mililani,Hawaii,00000
487,First Baptist Church of Wahiawa,Not publicly listed,Wahiawa,Hawaii,00000
529,Waimanalo Community Church,Not publicly listed,Waimanalo,Hawaii,00000
535,Capital City Christian Church,Not publicly listed,Boise,Idaho,00000
564,Mountain View Church,Not publicly listed,Boise,Idaho,00000
568,St. Luke's Episcopal Church,Not publicly listed,Boise,Idaho,00000
533,Caldwell First United Methodist Church,Not publicly listed,Caldwell,Idaho,00000
548,First Christian Church Caldwell,Not publicly listed,Caldwell,Idaho,00000
537,Coeur d'Alene Bible Church,Not publicly listed,Coeur d'Alene,Idaho,00000
540,Emmett First Baptist Church,Not publicly listed,Emmett,Idaho,00000
551,First Presbyterian Church of Emmett,Not publicly listed,Emmett,Idaho,00000
541,First Baptist Church of Garden City,Not publicly listed,Garden City,Idaho,00000
555,Garden City Community Church,Not publicly listed,Garden City,Idaho,00000
560,Kuna Christian Church,Not publicly listed,Kuna,Idaho,00000
569,St. Michael's Catholic Church Kuna,Not publicly listed,Kuna,Idaho,00000
542,First Baptist Church of Lewiston,Not publicly listed,Lewiston,Idaho,00000
558,Holy Trinity Orthodox Church,Not publicly listed,Lewiston,Idaho,00000
543,First Baptist Church of Middleton,Not publicly listed,Middleton,Idaho,00000
563,Middleton Friends Church,Not publicly listed,Middleton,Idaho,00000
552,First Presbyterian Church of Moscow,Not publicly listed,Moscow,Idaho,00000
574,Vineyard Christian Fellowship of Moscow,Not publicly listed,Moscow,Idaho,00000
554,First United Methodist Church Nampa,Not publicly listed,Nampa,Idaho,00000
565,Nampa First Church of the Nazarene,Not publicly listed,Nampa,Idaho,00000
545,First Baptist Church of Payette,Not publicly listed,Payette,Idaho,00000
570,St. Peter's Episcopal Church,Not publicly listed,Payette,Idaho,00000
546,First Baptist Church of Pocatello,Not publicly listed,Pocatello,Idaho,00000
557,Holy Spirit Catholic Community,Not publicly listed,Pocatello,Idaho,00000
538,Community Baptist Church,Not publicly listed,Sandpoint,Idaho,00000
566,Sandpoint Christian Center,Not publicly listed,Sandpoint,Idaho,00000
571,Star Community Church,Not publicly listed,Star,Idaho,00000
572,Star United Methodist Church,Not publicly listed,Star,Idaho,00000
547,First Baptist Church of Twin Falls,Not publicly listed,Twin Falls,Idaho,00000
553,First Presbyterian Church of Twin Falls,Not publicly listed,Twin Falls,Idaho,00000
596,Junction Church,Not publicly listed,Aurora,Illinois,00000
584,First Christian Church Bloomington,Not publicly listed,Bloomington,Illinois,00000
581,First Baptist Church Carbondale,Not publicly listed,Carbondale,Illinois,00000
602,St. Francis Xavier Catholic Church,Not publicly listed,Carbondale,Illinois,00000
585,First Presbyterian Church Champaign,Not publicly listed,Champaign,Illinois,00000
603,St. John's Catholic Chapel (Champaign),Not publicly listed,Champaign,Illinois,00000
609,University Baptist Church (Champaign),Not publicly listed,Champaign,Illinois,00000
576,Bethany Evangelical Covenant Church,Not publicly listed,Chicago,Illinois,00000
594,Holy Family Catholic Church,Not publicly listed,Chicago,Illinois,00000
600,Salem Baptist Church,Not publicly listed,Chicago,Illinois,00000
608,Trinity United Church of Christ,Not publicly listed,Chicago,Illinois,00000
601,South Suburban Christian Center,Not publicly listed,Country Club Hills,Illinois,00000
606,The Compass Church (Naperville Campus),Not publicly listed (Naperville location),Naperville,Illinois,00000
604,St. Raphael Catholic Church,Not publicly listed,Old Mill Creek,Illinois,00000
582,First Baptist Church Peoria,Not publicly listed,Peoria,Illinois,00000
588,First United Methodist Church Peoria,Not publicly listed,Peoria,Illinois,00000
586,First Presbyterian Church Rockford,Not publicly listed,Rockford,Illinois,00000
589,First United Methodist Church Rockford,Not publicly listed,Rockford,Illinois,00000
599,Rockford First Church of the Nazarene,Not publicly listed,Rockford,Illinois,00000
583,First Baptist Church Springfield,Not publicly listed,Springfield,Illinois,00000
587,First Presbyterian Church Springfield,Not publicly listed,Springfield,Illinois,00000
615,First Baptist Church Anderson,Not publicly listed,Anderson,Indiana,00000
635,Park Place Church of God,Not publicly listed,Anderson,Indiana,00000
616,First Baptist Church Bloomington,Not publicly listed,Bloomington,Indiana,00000
642,St. Paul Catholic Center,Not publicly listed,Bloomington,Indiana,00000
624,First Christian Church Evansville,Not publicly listed,Evansville,Indiana,00000
637,St. Benedict Cathedral,Not publicly listed,Evansville,Indiana,00000
617,First Baptist Church Fort Wayne,Not publicly listed,Fort Wayne,Indiana,00000
630,Fort Wayne First Church of the Nazarene,Not publicly listed,Fort Wayne,Indiana,00000
641,St. Mary Mother of God Catholic Church,Not publicly listed,Fort Wayne,Indiana,00000
612,College Mennonite Church,Not publicly listed,Goshen,Indiana,00000
618,First Baptist Church Goshen,Not publicly listed,Goshen,Indiana,00000
633,Hope City Church,Not publicly listed (Indianapolis area),Indianapolis,Indiana,00000
619,First Baptist Church Kokomo,Not publicly listed,Kokomo,Indiana,00000
627,First United Methodist Church Kokomo,Not publicly listed,Kokomo,Indiana,00000
620,First Baptist Church Lafayette,Not publicly listed,Lafayette,Indiana,00000
621,First Baptist Church Michigan City,Not publicly listed,Michigan City,Indiana,00000
639,St. Mary Catholic Church Michigan City,Not publicly listed,Michigan City,Indiana,00000
622,First Baptist Church Muncie,Not publicly listed,Muncie,Indiana,00000
640,St. Mary Catholic Church Muncie,Not publicly listed,Muncie,Indiana,00000
623,First Baptist Church Terre Haute,Not publicly listed,Terre Haute,Indiana,00000
625,First Christian Church Terre Haute,Not publicly listed,Terre Haute,Indiana,00000
626,First Presbyterian Church Valparaiso,Not publicly listed,Valparaiso,Indiana,00000
629,First United Methodist Church Valparaiso,Not publicly listed,Valparaiso,Indiana,00000
644,University Church (West Lafayette),Not publicly listed,West Lafayette,Indiana,00000
649,Collegiate United Methodist Church,Not publicly listed,Ames,Iowa,00000
681,University Baptist Church Ames,Not publicly listed,Ames,Iowa,00000
667,Living Water Church,Not publicly listed,Ankeny,Iowa,00000
647,Cedar Rapids Church of the Nazarene,Not publicly listed,Cedar Rapids,Iowa,00000
662,First Lutheran Church (Cedar Rapids),Not publicly listed,Cedar Rapids,Iowa,00000
674,St. Ludmila Catholic Church,Not publicly listed,Cedar Rapids,Iowa,00000
651,First Baptist Church Clinton,Not publicly listed,Clinton,Iowa,00000
678,St. Patrick Catholic Church Clinton,Not publicly listed,Clinton,Iowa,00000
652,First Baptist Church Council Bluffs,Not publicly listed,Council Bluffs,Iowa,00000
672,St. John Catholic Church Council Bluffs,Not publicly listed,Council Bluffs,Iowa,00000
653,First Baptist Church Davenport,Not publicly listed,Davenport,Iowa,00000
669,Sacred Heart Cathedral (Davenport),Not publicly listed,Davenport,Iowa,00000
660,First Christian Church Dubuque,Not publicly listed,Dubuque,Iowa,00000
680,St. Raphael Cathedral,Not publicly listed,Dubuque,Iowa,00000
654,First Baptist Church Fort Dodge,Not publicly listed,Fort Dodge,Iowa,00000
663,First Presbyterian Church Fort Dodge,Not publicly listed,Fort Dodge,Iowa,00000
665,First United Methodist Church Iowa City,Not publicly listed,Iowa City,Iowa,00000
677,St. Mary's Catholic Church Iowa City,Not publicly listed,Iowa City,Iowa,00000
661,First Christian Church Marshalltown,Not publicly listed,Marshalltown,Iowa,00000
675,St. Mary Catholic Church Marshalltown,Not publicly listed,Marshalltown,Iowa,00000
655,First Baptist Church Mason City,Not publicly listed,Mason City,Iowa,00000
666,First United Methodist Church Mason City,Not publicly listed,Mason City,Iowa,00000
656,First Baptist Church Ottumwa,Not publicly listed,Ottumwa,Iowa,00000
676,St. Mary of the Visitation,Not publicly listed,Ottumwa,Iowa,00000
657,First Baptist Church Sioux City,Not publicly listed,Sioux City,Iowa,00000
673,St. Joseph Catholic Church Sioux City,Not publicly listed,Sioux City,Iowa,00000
658,First Baptist Church Waterloo,Not publicly listed,Waterloo,Iowa,00000
664,First Presbyterian Church Waterloo,Not publicly listed,Waterloo,Iowa,00000
706,St. James Catholic Church,Not publicly listed,Augusta,Kansas,00000
686,First Baptist Church Emporia,Not publicly listed,Emporia,Kansas,00000
695,First Christian Church Emporia,Not publicly listed,Emporia,Kansas,00000
697,First Presbyterian Church Garden City,Not publicly listed,Garden City,Kansas,00000
705,St. Dominic Catholic Church Garden City,Not publicly listed,Garden City,Kansas,00000
687,First Baptist Church Hays,Not publicly listed,Hays,Kansas,00000
707,St. Joseph Catholic Church Hays,Not publicly listed,Hays,Kansas,00000
688,First Baptist Church Hutchinson,Not publicly listed,Hutchinson,Kansas,00000
696,First Christian Church Hutchinson,Not publicly listed,Hutchinson,Kansas,00000
689,First Baptist Church Junction City,Not publicly listed,Junction City,Kansas,00000
708,St. Mary Catholic Church Junction City,Not publicly listed,Junction City,Kansas,00000
703,Resurrection Downtown,Not publicly listed (Downtown Kansas City location),Kansas City,Kansas,00000
690,First Baptist Church Lawrence,Not publicly listed,Lawrence,Kansas,00000
698,First Presbyterian Church Lawrence,Not publicly listed,Lawrence,Kansas,00000
691,First Baptist Church Manhattan,Not publicly listed,Manhattan,Kansas,00000
712,University Christian Church (Disciples of Christ),Not publicly listed,Manhattan,Kansas,00000
692,First Baptist Church Newton,Not publicly listed,Newton,Kansas,00000
700,First United Methodist Church Newton,Not publicly listed,Newton,Kansas,00000
699,First Presbyterian Church Salina,Not publicly listed,Salina,Kansas,00000
701,First United Methodist Church Salina,Not publicly listed,Salina,Kansas,00000
684,College Hill United Methodist Church,Not publicly listed,Wichita,Kansas,00000
693,First Baptist Church Wichita,Not publicly listed,Wichita,Kansas,00000
713,Wichita First Church of the Nazarene,Not publicly listed,Wichita,Kansas,00000
719,First Baptist Church Ashland,Not publicly listed,Ashland,Kentucky,00000
731,First Christian Church Ashland,Not publicly listed,Ashland,Kentucky,00000
717,CrossPoint Church,Not publicly listed,Bowling Green,Kentucky,00000
720,First Baptist Church Bowling Green,Not publicly listed,Bowling Green,Kentucky,00000
715,Christ Cathedral (Covington),Not publicly listed,Covington,Kentucky,00000
721,First Baptist Church Covington,Not publicly listed,Covington,Kentucky,00000
722,First Baptist Church Elizabethtown,Not publicly listed,Elizabethtown,Kentucky,00000
739,St. James Catholic Church Elizabethtown,Not publicly listed,Elizabethtown,Kentucky,00000
723,First Baptist Church Florence,Not publicly listed,Florence,Kentucky,00000
744,St. Paul Catholic Church Florence,Not publicly listed,Florence,Kentucky,00000
724,First Baptist Church Frankfort,Not publicly listed,Frankfort,Kentucky,00000
740,St. John Catholic Church Frankfort,Not publicly listed,Frankfort,Kentucky,00000
725,First Baptist Church Georgetown,Not publicly listed,Georgetown,Kentucky,00000
738,St. Francis de Sales Catholic Church Georgetown,Not publicly listed,Georgetown,Kentucky,00000
726,First Baptist Church Hopkinsville,Not publicly listed,Hopkinsville,Kentucky,00000
747,St. Stephen Catholic Church Hopkinsville,Not publicly listed,Hopkinsville,Kentucky,00000
727,First Baptist Church Owensboro,Not publicly listed,Owensboro,Kentucky,00000
746,St. Stephen Cathedral,Not publicly listed,Owensboro,Kentucky,00000
728,First Baptist Church Paducah,Not publicly listed,Paducah,Kentucky,00000
745,St. Paul Catholic Church Paducah,Not publicly listed,Paducah,Kentucky,00000
729,First Baptist Church Richmond,Not publicly listed,Richmond,Kentucky,00000
732,First Christian Church Richmond,Not publicly listed,Richmond,Kentucky,00000
754,First Baptist Church Alexandria,Not publicly listed,Alexandria,Louisiana,00000
778,St. Francis Xavier Cathedral,Not publicly listed,Alexandria,Louisiana,00000
755,First Baptist Church Covington,Not publicly listed,Covington,Louisiana,00000
786,St. Peter Catholic Church Covington,Not publicly listed,Covington,Louisiana,00000
756,First Baptist Church Denham Springs,Not publicly listed,Denham Springs,Louisiana,00000
785,St. Margaret Mary Catholic Church,Not publicly listed,Denham Springs,Louisiana,00000
757,First Baptist Church Gonzales,Not publicly listed,Gonzales,Louisiana,00000
777,St. Elizabeth Catholic Church Gonzales,Not publicly listed,Gonzales,Louisiana,00000
758,First Baptist Church Hammond,Not publicly listed,Hammond,Louisiana,00000
770,First United Methodist Church Hammond,Not publicly listed,Hammond,Louisiana,00000
759,First Baptist Church Houma,Not publicly listed,Houma,Louisiana,00000
779,St. Francis de Sales Catholic Church Houma,Not publicly listed,Houma,Louisiana,00000
780,St. James Catholic Church,Not publicly listed,Jackson,Louisiana,00000
760,First Baptist Church Lafayette,Not publicly listed,Lafayette,Louisiana,00000
776,Our Lady of Fatima Catholic Church,Not publicly listed,Lafayette,Louisiana,00000
771,First United Methodist Church Lake Charles,Not publicly listed,Lake Charles,Louisiana,00000
784,St. Margaret Catholic Church Lake Charles,Not publicly listed,Lake Charles,Louisiana,00000
761,First Baptist Church Mandeville,Not publicly listed,Mandeville,Louisiana,00000
787,St. Timothy Catholic Church Mandeville,Not publicly listed,Mandeville,Louisiana,00000
762,First Baptist Church Monroe,Not publicly listed,Monroe,Louisiana,00000
769,First Presbyterian Church Monroe,Not publicly listed,Monroe,Louisiana,00000
751,Canal Street Church,Not publicly listed,New Orleans,Louisiana,00000
753,Cross Point Church,Not publicly listed,New Orleans,Louisiana,00000
763,First Baptist Church Ponchatoula,Not publicly listed,Ponchatoula,Louisiana,00000
782,St. Joseph Catholic Church Ponchatoula,Not publicly listed,Ponchatoula,Louisiana,00000
764,First Baptist Church Ruston,Not publicly listed,Ruston,Louisiana,00000
772,First United Methodist Church Ruston,Not publicly listed,Ruston,Louisiana,00000
749,Broadmoor Baptist Church,Not publicly listed,Shreveport,Louisiana,00000
765,First Baptist Church Shreveport,Not publicly listed,Shreveport,Louisiana,00000
766,First Baptist Church Slidell,Not publicly listed,Slidell,Louisiana,00000
773,First United Methodist Church Slidell,Not publicly listed,Slidell,Louisiana,00000
767,First Baptist Church Thibodaux,Not publicly listed,Thibodaux,Louisiana,00000
783,St. Joseph Catholic Church Thibodaux,Not publicly listed,Thibodaux,Louisiana,00000
791,First Congregational Church UCC (Augusta),Not publicly listed,Augusta,Maine,00000
805,First United Methodist Church Bangor,Not publicly listed,Bangor,Maine,00000
810,St. John's Catholic Church Bangor,Not publicly listed,Bangor,Maine,00000
793,First Congregational Church UCC (Belfast),Not publicly listed,Belfast,Maine,00000
815,St. Margaret Catholic Church (Belfast),Not publicly listed,Belfast,Maine,00000
794,First Congregational Church UCC (Biddeford),Not publicly listed,Biddeford,Maine,00000
811,St. Joseph Catholic Church (Biddeford),Not publicly listed,Biddeford,Maine,00000
795,First Congregational Church UCC (Camden),Not publicly listed,Camden,Maine,00000
796,First Congregational Church UCC (Ellsworth),Not publicly listed,Ellsworth,Maine,00000
812,St. Joseph Catholic Church (Ellsworth),Not publicly listed,Ellsworth,Maine,00000
797,First Congregational Church UCC (Kennebunkport),Not publicly listed,Kennebunkport,Maine,00000
806,St. Ann's Episcopal Church (Kennebunkport),Not publicly listed,Kennebunkport,Maine,00000
798,First Congregational Church UCC (Kittery),Not publicly listed,Kittery,Maine,00000
819,St. Raphael Catholic Church (Kittery),Not publicly listed,Kittery,Maine,00000
808,St. Christopher's Episcopal Church,Not publicly listed,Portland,Maine,00000
799,First Congregational Church UCC (Rockland),Not publicly listed,Rockland,Maine,00000
807,St. Bernard Catholic Church (Rockland),Not publicly listed,Rockland,Maine,00000
800,First Congregational Church UCC (Rockport),Not publicly listed,Rockport,Maine,00000
809,St. John Catholic Church (Rockport),Not publicly listed,Rockport,Maine,00000
801,First Congregational Church UCC (Saco),Not publicly listed,Saco,Maine,00000
813,St. Joseph Catholic Church (Saco),Not publicly listed,Saco,Maine,00000
835,First Baptist Church of Annapolis,Not publicly listed,Annapolis,Maryland,00000
827,Faith Chapel Church,Not publicly listed,Baltimore,Maryland,00000
838,Mount Olive Baptist Church,Not publicly listed,Baltimore,Maryland,00000
840,Restoration Ministries,Not publicly listed,Baltimore,Maryland,00000
828,First Baptist Church Cambridge,Not publicly listed,Cambridge,Maryland,00000
845,St. Luke's Episcopal Church Cambridge,Not publicly listed,Cambridge,Maryland,00000
829,First Baptist Church Cumberland,Not publicly listed,Cumberland,Maryland,00000
847,St. Peter Catholic Church Cumberland,Not publicly listed,Cumberland,Maryland,00000
824,Christ Church Episcopal Easton,Not publicly listed,Easton,Maryland,00000
830,First Baptist Church Easton,Not publicly listed,Easton,Maryland,00000
831,First Baptist Church Frederick,Not publicly listed,Frederick,Maryland,00000
844,St. John the Evangelist Catholic Church Frederick,Not publicly listed,Frederick,Maryland,00000
832,First Baptist Church Hagerstown,Not publicly listed,Hagerstown,Maryland,00000
846,St. Mary Catholic Church Hagerstown,Not publicly listed,Hagerstown,Maryland,00000
848,The Bridge Bible Church,Not publicly listed,Laurel,Maryland,00000
823,Bethlehem Baptist Church,Not publicly listed,Randallstown,Maryland,00000
833,First Baptist Church Salisbury,Not publicly listed,Salisbury,Maryland,00000
843,St. Francis de Sales Catholic Church Salisbury,Not publicly listed,Salisbury,Maryland,00000
825,Deeper Life Bible Church,Not publicly listed,Silver Spring,Maryland,00000
834,First Baptist Church Waldorf,Not publicly listed,Waldorf,Maryland,00000
842,St. Charles Borromeo Catholic Church Waldorf,Not publicly listed,Waldorf,Maryland,00000
854,First Baptist Church in Boston,Not publicly listed,Boston,Massachusetts,00000
870,The Journey Community Church,Not publicly listed (Boston area),Boston,Massachusetts,00000
871,The Journey Community Church (Boston Campus),Not publicly listed,Boston,Massachusetts,00000
859,First Parish in Cambridge (Unitarian Universalist),Not publicly listed,Cambridge,Massachusetts,00000
862,Harvard-Epworth United Methodist Church,Not publicly listed,Cambridge,Massachusetts,00000
857,First Congregational Church UCC (Great Barrington),Not publicly listed,Great Barrington,Massachusetts,00000
869,St. James Episcopal Church Great Barrington,Not publicly listed,Great Barrington,Massachusetts,00000
851,First Baptist Church Lowell,Not publicly listed,Lowell,Massachusetts,00000
868,St. Anne's Episcopal Church Lowell,Not publicly listed,Lowell,Massachusetts,00000
855,First Baptist Church in Newton,Not publicly listed,Newton,Massachusetts,00000
860,First Parish in Newton (Unitarian Universalist),Not publicly listed,Newton,Massachusetts,00000
852,First Baptist Church Springfield,Not publicly listed,Springfield,Massachusetts,00000
856,First Church of Christ Congregational Springfield,Not publicly listed,Springfield,Massachusetts,00000
858,First Congregational Church UCC (Wellesley),Not publicly listed,Wellesley,Massachusetts,00000
864,New England Chapel,Not publicly listed,Wellesley,Massachusetts,00000
867,St. Andrew's Episcopal Church Wellesley,Not publicly listed,Wellesley,Massachusetts,00000
853,First Baptist Church Worcester,Not publicly listed,Worcester,Massachusetts,00000
861,First Unitarian Church Worcester,Not publicly listed,Worcester,Massachusetts,00000
886,Genesis Church,Not publicly listed,Ann Arbor,Michigan,00000
879,Church of the Resurrection (Rez) - Detroit,Not publicly listed (Detroit campus),Detroit,Michigan,00000
881,First Baptist Church Flint,Not publicly listed,Flint,Michigan,00000
891,St. Paul Catholic Church Flint,Not publicly listed,Flint,Michigan,00000
882,First Baptist Church Kalamazoo,Not publicly listed,Kalamazoo,Michigan,00000
885,First United Methodist Church Kalamazoo,Not publicly listed,Kalamazoo,Michigan,00000
883,First Baptist Church Saginaw,Not publicly listed,Saginaw,Michigan,00000
892,St. Thomas Aquinas Catholic Church Saginaw,Not publicly listed,Saginaw,Michigan,00000
884,First Baptist Church Traverse City,Not publicly listed,Traverse City,Michigan,00000
890,St. Francis Catholic Church Traverse City,Not publicly listed,Traverse City,Michigan,00000
899,First Baptist Church Duluth,Not publicly listed,Duluth,Minnesota,00000
906,First Presbyterian Church Duluth,Not publicly listed,Duluth,Minnesota,00000
900,First Baptist Church Mankato,Not publicly listed,Mankato,Minnesota,00000
912,St. John the Baptist Catholic Church Mankato,Not publicly listed,Mankato,Minnesota,00000
918,The Grove Church,Not publicly listed,Maple Grove,Minnesota,00000
911,Minnehaha United Methodist Church,Not publicly listed,Minneapolis,Minnesota,00000
916,Suburban Community Church,Not publicly listed,Minneapolis,Minnesota,00000
901,First Baptist Church Rochester,Not publicly listed,Rochester,Minnesota,00000
915,St. Pius X Catholic Church Rochester,Not publicly listed,Rochester,Minnesota,00000
902,First Baptist Church St. Cloud,Not publicly listed,St. Cloud,Minnesota,00000
903,First Baptist Church St. Paul,Not publicly listed,St. Paul,Minnesota,00000
904,First Baptist Church of St. Paul,Not publicly listed,St. Paul,Minnesota,00000
914,St. Paul Lutheran Church,Not publicly listed,St. Paul,Minnesota,00000
923,First Baptist Church Biloxi,Not publicly listed,Biloxi,Mississippi,00000
945,St. Michael Catholic Church Biloxi,Not publicly listed,Biloxi,Mississippi,00000
924,First Baptist Church Clinton,Not publicly listed,Clinton,Mississippi,00000
935,First United Methodist Church Clinton,Not publicly listed,Clinton,Mississippi,00000
925,First Baptist Church Columbus,Not publicly listed,Columbus,Mississippi,00000
936,First United Methodist Church Columbus,Not publicly listed,Columbus,Mississippi,00000
926,First Baptist Church Greenville,Not publicly listed,Greenville,Mississippi,00000
943,St. Joseph Catholic Church Greenville,Not publicly listed,Greenville,Mississippi,00000
928,First Baptist Church Hattiesburg,Not publicly listed,Hattiesburg,Mississippi,00000
946,Temple Baptist Church Hattiesburg,Not publicly listed,Hattiesburg,Mississippi,00000
930,First Baptist Church Meridian,Not publicly listed,Meridian,Mississippi,00000
937,First United Methodist Church Meridian,Not publicly listed,Meridian,Mississippi,00000
931,First Baptist Church Oxford,Not publicly listed,Oxford,Mississippi,00000
942,St. John the Evangelist Catholic Church Oxford,Not publicly listed,Oxford,Mississippi,00000
932,First Baptist Church Starkville,Not publicly listed,Starkville,Mississippi,00000
944,St. Joseph Catholic Church Starkville,Not publicly listed,Starkville,Mississippi,00000
921,Calvary Baptist Church Tupelo,Not publicly listed,Tupelo,Mississippi,00000
933,First Baptist Church Tupelo,Not publicly listed,Tupelo,Mississippi,00000
934,First Baptist Church Vicksburg,Not publicly listed,Vicksburg,Mississippi,00000
938,First United Methodist Church Vicksburg,Not publicly listed,Vicksburg,Mississippi,00000
951,First Baptist Church Blue Springs,Not publicly listed,Blue Springs,Missouri,00000
978,St. Robert Bellarmine Catholic Church Blue Springs,Not publicly listed,Blue Springs,Missouri,00000
952,First Baptist Church Cape Girardeau,Not publicly listed,Cape Girardeau,Missouri,00000
966,First Presbyterian Church Cape Girardeau,Not publicly listed,Cape Girardeau,Missouri,00000
953,First Baptist Church Columbia,Not publicly listed,Columbia,Missouri,00000
965,First Christian Church Columbia,Not publicly listed,Columbia,Missouri,00000
954,First Baptist Church Gladstone,Not publicly listed,Gladstone,Missouri,00000
972,St. Charles Borromeo Catholic Church Gladstone,Not publicly listed,Gladstone,Missouri,00000
955,First Baptist Church Independence,Not publicly listed,Independence,Missouri,00000
967,First United Methodist Church Independence,Not publicly listed,Independence,Missouri,00000
956,First Baptist Church Jefferson City,Not publicly listed,Jefferson City,Missouri,00000
976,St. Peter Catholic Church Jefferson City,Not publicly listed,Jefferson City,Missouri,00000
957,First Baptist Church Joplin,Not publicly listed,Joplin,Missouri,00000
968,First United Methodist Church Joplin,Not publicly listed,Joplin,Missouri,00000
963,First Baptist Church of Kansas City,Not publicly listed,Kansas City,Missouri,00000
958,First Baptist Church Lee's Summit,Not publicly listed,Lee's Summit,Missouri,00000
974,St. Michael the Archangel Catholic Church Lee's Summit,Not publicly listed,Lee's Summit,Missouri,00000
959,First Baptist Church Liberty,Not publicly listed,Liberty,Missouri,00000
969,First United Methodist Church Liberty,Not publicly listed,Liberty,Missouri,00000
960,First Baptist Church Raytown,Not publicly listed,Raytown,Missouri,00000
977,St. Regis Catholic Church Raytown,Not publicly listed,Raytown,Missouri,00000
961,First Baptist Church Springfield,Not publicly listed,Springfield,Missouri,00000
962,First Baptist Church St. Joseph,Not publicly listed,St. Joseph,Missouri,00000
973,St. Joseph Cathedral,Not publicly listed,St. Joseph,Missouri,00000
964,First Baptist Church of St. Louis,Not publicly listed,St. Louis,Missouri,00000
970,Gateway Church,Not publicly listed,St. Louis,Missouri,00000
981,First Baptist Church Billings,Not publicly listed,Billings,Montana,00000
992,First Presbyterian Church Billings,Not publicly listed,Billings,Montana,00000
982,First Baptist Church Bozeman,Not publicly listed,Bozeman,Montana,00000
993,First Presbyterian Church Bozeman,Not publicly listed,Bozeman,Montana,00000
994,Grace Bible Church Bozeman,Not publicly listed,Bozeman,Montana,00000
1000,St. James Catholic Church Bozeman,Not publicly listed,Bozeman,Montana,00000
983,First Baptist Church Butte,Not publicly listed,Butte,Montana,00000
984,First Baptist Church Great Falls,Not publicly listed,Great Falls,Montana,00000
996,St. Ann Cathedral,Not publicly listed,Great Falls,Montana,00000
985,First Baptist Church Havre,Not publicly listed,Havre,Montana,00000
1001,St. Jude Thaddeus Catholic Church Havre,Not publicly listed,Havre,Montana,00000
986,First Baptist Church Helena,Not publicly listed,Helena,Montana,00000
997,St. Anthony Cathedral,Not publicly listed,Helena,Montana,00000
999,St. Helena Cathedral,Not publicly listed,Helena,Montana,00000
987,First Baptist Church Kalispell,Not publicly listed,Kalispell,Montana,00000
1003,St. Matthew Catholic Church Kalispell,Not publicly listed,Kalispell,Montana,00000
988,First Baptist Church Livingston,Not publicly listed,Livingston,Montana,00000
1002,St. Mary's Catholic Church Livingston,Not publicly listed,Livingston,Montana,00000
989,First Baptist Church Miles City,Not publicly listed,Miles City,Montana,00000
1005,St. Vincent de Paul Catholic Church Miles City,Not publicly listed,Miles City,Montana,00000
990,First Baptist Church Missoula,Not publicly listed,Missoula,Montana,00000
995,Hope Christian Church,Not publicly listed,Missoula,Montana,00000
991,First Baptist Church Whitefish,Not publicly listed,Whitefish,Montana,00000
998,St. Charles Borromeo Catholic Church Whitefish,Not publicly listed,Whitefish,Montana,00000
1008,First Baptist Church Beatrice,Not publicly listed,Beatrice,Nebraska,00000
1027,St. Joseph Catholic Church Beatrice,Not publicly listed,Beatrice,Nebraska,00000
1009,First Baptist Church Columbus,Not publicly listed,Columbus,Nebraska,00000
1022,St. Anthony Catholic Church Columbus,Not publicly listed,Columbus,Nebraska,00000
1010,First Baptist Church Fremont,Not publicly listed,Fremont,Nebraska,00000
1025,St. James Catholic Church Fremont,Not publicly listed,Fremont,Nebraska,00000
1011,First Baptist Church Grand Island,Not publicly listed,Grand Island,Nebraska,00000
1028,St. Leo Catholic Church Grand Island,Not publicly listed,Grand Island,Nebraska,00000
1012,First Baptist Church Hastings,Not publicly listed,Hastings,Nebraska,00000
1024,St. Cecilia Catholic Church Hastings,Not publicly listed,Hastings,Nebraska,00000
1013,First Baptist Church Kearney,Not publicly listed,Kearney,Nebraska,00000
1026,St. James Catholic Church Kearney,Not publicly listed,Kearney,Nebraska,00000
1014,First Baptist Church Lincoln,Not publicly listed,Lincoln,Nebraska,00000
1029,St. Mary Catholic Church Lincoln,Not publicly listed,Lincoln,Nebraska,00000
1015,First Baptist Church Norfolk,Not publicly listed,Norfolk,Nebraska,00000
1030,St. Mary Catholic Church Norfolk,Not publicly listed,Norfolk,Nebraska,00000
1016,First Baptist Church North Platte,Not publicly listed,North Platte,Nebraska,00000
1031,St. Patrick Catholic Church North Platte,Not publicly listed,North Platte,Nebraska,00000
1017,First Baptist Church Omaha,Not publicly listed,Omaha,Nebraska,00000
1018,First Baptist Church Scottsbluff,Not publicly listed,Scottsbluff,Nebraska,00000
1021,St. Agnes Catholic Church Scottsbluff,Not publicly listed,Scottsbluff,Nebraska,00000
1034,First Baptist Church Carson City,Not publicly listed,Carson City,Nevada,00000
1053,St. Teresa of Avila Catholic Church Carson City,Not publicly listed,Carson City,Nevada,00000
1035,First Baptist Church Elko,Not publicly listed,Elko,Nevada,00000
1049,St. Mark Catholic Church Elko,Not publicly listed,Elko,Nevada,00000
1036,First Baptist Church Ely,Not publicly listed,Ely,Nevada,00000
1047,St. John Catholic Church Ely,Not publicly listed,Ely,Nevada,00000
1037,First Baptist Church Fallon,Not publicly listed,Fallon,Nevada,00000
1051,St. Patrick Catholic Church Fallon,Not publicly listed,Fallon,Nevada,00000
1038,First Baptist Church Henderson,Not publicly listed,Henderson,Nevada,00000
1048,St. Joseph Catholic Church Henderson,Not publicly listed,Henderson,Nevada,00000
1039,First Baptist Church Las Vegas,Not publicly listed,Las Vegas,Nevada,00000
1045,Shadow Mountain Community Church,Not publicly listed,Las Vegas,Nevada,00000
1056,Vegas Church,Not publicly listed,Las Vegas,Nevada,00000
1040,First Baptist Church North Las Vegas,Not publicly listed,North Las Vegas,Nevada,00000
1046,St. James the Just Catholic Church North Las Vegas,Not publicly listed,North Las Vegas,Nevada,00000
1041,First Baptist Church Reno,Not publicly listed,Reno,Nevada,00000
1042,First Baptist Church Sparks,Not publicly listed,Sparks,Nevada,00000
1052,St. Rose of Lima Catholic Church Sparks,Not publicly listed,Sparks,Nevada,00000
1043,First Baptist Church Winnemucca,Not publicly listed,Winnemucca,Nevada,00000
1050,St. Mary Catholic Church Winnemucca,Not publicly listed,Winnemucca,Nevada,00000
1063,First Congregational Church UCC (Amherst),Not publicly listed,Amherst,New Hampshire,00000
1078,St. Patrick Catholic Church Amherst,Not publicly listed,Amherst,New Hampshire,00000
1073,St. John the Evangelist Catholic Church Concord,Not publicly listed,Concord,New Hampshire,00000
1059,First Baptist Church Derry,Not publicly listed,Derry,New Hampshire,00000
1080,St. Thomas Aquinas Parish Derry,Not publicly listed,Derry,New Hampshire,00000
1065,First Congregational Church UCC (Dover),Not publicly listed,Dover,New Hampshire,00000
1076,St. Mary Catholic Church Dover,Not publicly listed,Dover,New Hampshire,00000
1066,First Congregational Church UCC (Exeter),Not publicly listed,Exeter,New Hampshire,00000
1077,St. Michael Catholic Church Exeter,Not publicly listed,Exeter,New Hampshire,00000
1067,First Congregational Church UCC (Hanover),Not publicly listed,Hanover,New Hampshire,00000
1071,St. Denis Catholic Church Hanover,Not publicly listed,Hanover,New Hampshire,00000
1068,First Congregational Church UCC (Keene),Not publicly listed,Keene,New Hampshire,00000
1072,St. James Catholic Church Keene,Not publicly listed,Keene,New Hampshire,00000
1060,First Baptist Church Laconia,Not publicly listed,Laconia,New Hampshire,00000
1075,St. Joseph Catholic Church Laconia,Not publicly listed,Laconia,New Hampshire,00000
1069,First Congregational Church UCC (Manchester),Not publicly listed,Manchester,New Hampshire,00000
1079,St. Stanislaus Parish,Not publicly listed,Nashua,New Hampshire,00000
1062,First Baptist Church Portsmouth,Not publicly listed,Portsmouth,New Hampshire,00000
1070,North Church (United Church of Christ),Not publicly listed,Portsmouth,New Hampshire,00000
1083,First Baptist Church Camden,Not publicly listed,Camden,New Jersey,00000
1096,St. Joseph Catholic Church Camden,Not publicly listed,Camden,New Jersey,00000
1084,First Baptist Church East Orange,Not publicly listed,East Orange,New Jersey,00000
1095,St. John Catholic Church East Orange,Not publicly listed,East Orange,New Jersey,00000
1090,First Presbyterian Church Elizabeth,Not publicly listed,Elizabeth,New Jersey,00000
1100,St. Mary of the Assumption Catholic Church Elizabeth,Not publicly listed,Elizabeth,New Jersey,00000
1097,St. Mary Star of the Sea Catholic Church,Not publicly listed,Jersey City,New Jersey,00000
1103,The Well Church,Not publicly listed,Jersey City,New Jersey,00000
1085,First Baptist Church New Brunswick,Not publicly listed,New Brunswick,New Jersey,00000
1102,St. Peter the Apostle Catholic Church New Brunswick,Not publicly listed,New Brunswick,New Jersey,00000
1086,First Baptist Church Newark,Not publicly listed,Newark,New Jersey,00000
1093,St. Benedict Catholic Church Newark,Not publicly listed,Newark,New Jersey,00000
1087,First Baptist Church Paterson,Not publicly listed,Paterson,New Jersey,00000
1094,St. John Cathedral Paterson,Not publicly listed,Paterson,New Jersey,00000
1082,Christian Fellowship Church,Not publicly listed,Rochelle Park,New Jersey,00000
1088,First Baptist Church Trenton,Not publicly listed,Trenton,New Jersey,00000
1099,St. Mary of the Assumption Cathedral Trenton,Not publicly listed,Trenton,New Jersey,00000
1106,First Baptist Church Alamogordo,Not publicly listed,Alamogordo,New Mexico,00000
1117,Holy Redeemer Catholic Church Alamogordo,Not publicly listed,Alamogordo,New Mexico,00000
1107,First Baptist Church Albuquerque,Not publicly listed,Albuquerque,New Mexico,00000
1119,St. Charles Borromeo Catholic Church Albuquerque,Not publicly listed,Albuquerque,New Mexico,00000
1108,First Baptist Church Clovis,Not publicly listed,Clovis,New Mexico,00000
1124,St. Mary Catholic Church Clovis,Not publicly listed,Clovis,New Mexico,00000
1109,First Baptist Church Farmington,Not publicly listed,Farmington,New Mexico,00000
1125,St. Mary Catholic Church Farmington,Not publicly listed,Farmington,New Mexico,00000
1110,First Baptist Church Gallup,Not publicly listed,Gallup,New Mexico,00000
1120,St. Francis Catholic Church Gallup,Not publicly listed,Gallup,New Mexico,00000
1111,First Baptist Church Hobbs,Not publicly listed,Hobbs,New Mexico,00000
1122,St. Helena Catholic Church Hobbs,Not publicly listed,Hobbs,New Mexico,00000
1112,First Baptist Church Las Cruces,Not publicly listed,Las Cruces,New Mexico,00000
1116,Holy Cross Catholic Church Las Cruces,Not publicly listed,Las Cruces,New Mexico,00000
1113,First Baptist Church Rio Rancho,Not publicly listed,Rio Rancho,New Mexico,00000
1126,St. Thomas Aquinas Catholic Church Rio Rancho,Not publicly listed,Rio Rancho,New Mexico,00000
1114,First Baptist Church Roswell,Not publicly listed,Roswell,New Mexico,00000
1123,St. John the Baptist Catholic Church Roswell,Not publicly listed,Roswell,New Mexico,00000
1115,First United Methodist Church Santa Fe,Not publicly listed,Santa Fe,New Mexico,00000
1121,St. Francis of Assisi Catholic Church Santa Fe,Not publicly listed,Santa Fe,New Mexico,00000
1135,First Presbyterian Church Albany,Not publicly listed,Albany,New York,00000
1145,St. Mary's Roman Catholic Church Albany,Not publicly listed,Albany,New York,00000
1130,First Baptist Church Buffalo,Not publicly listed,Buffalo,New York,00000
1143,St. Joseph Cathedral Buffalo,Not publicly listed,Buffalo,New York,00000
1131,First Baptist Church New Rochelle,Not publicly listed,New Rochelle,New York,00000
1141,St. Gabriel Catholic Church New Rochelle,Not publicly listed,New Rochelle,New York,00000
1137,Hillsong Church New York,Not publicly listed (multiple locations),New York,New York,00000
1147,The Journey Church NYC,Not publicly listed,New York,New York,00000
1149,Trinity Grace Church,Not publicly listed (multiple locations),New York,New York,00000
1128,Asbury First United Methodist Church,Not publicly listed,Rochester,New York,00000
1134,First Baptist Church of Rochester,Not publicly listed,Rochester,New York,00000
1136,First Presbyterian Church Syracuse,Not publicly listed,Syracuse,New York,00000
1142,St. John the Evangelist Cathedral Syracuse,Not publicly listed,Syracuse,New York,00000
1132,First Baptist Church White Plains,Not publicly listed,White Plains,New York,00000
1140,St. Bernard Catholic Church White Plains,Not publicly listed,White Plains,New York,00000
1133,First Baptist Church Yonkers,Not publicly listed,Yonkers,New York,00000
1144,St. Joseph Catholic Church Yonkers,Not publicly listed,Yonkers,New York,00000
1153,Elevation Church (Ballantyne Campus),Not publicly listed (Ballantyne location),Charlotte,North Carolina,00000
1162,Next Level Church,Not publicly listed,Charlotte,North Carolina,00000
1155,First Baptist Church Durham,Not publicly listed,Durham,North Carolina,00000
1168,Yates Baptist Church Durham,Not publicly listed,Durham,North Carolina,00000
1151,College Park Baptist Church Greensboro,Not publicly listed,Greensboro,North Carolina,00000
1156,First Baptist Church Greensboro,Not publicly listed,Greensboro,North Carolina,00000
1160,Hope Community Church,Not publicly listed,Raleigh,North Carolina,00000
1150,Centenary United Methodist Church,Not publicly listed,Winston-Salem,North Carolina,00000
1158,First Baptist Church Winston-Salem,Not publicly listed,Winston-Salem,North Carolina,00000
1169,Cathedral of the Holy Spirit,Not publicly listed,Bismarck,North Dakota,00000
1171,First Baptist Church Bismarck,Not publicly listed,Bismarck,North Dakota,00000
1181,First Presbyterian Church Bismarck,Not publicly listed,Bismarck,North Dakota,00000
1172,First Baptist Church Bottineau,Not publicly listed,Bottineau,North Dakota,00000
1187,St. Mark Catholic Church Bottineau,Not publicly listed,Bottineau,North Dakota,00000
1173,First Baptist Church Devils Lake,Not publicly listed,Devils Lake,North Dakota,00000
1185,St. Joseph Catholic Church Devils Lake,Not publicly listed,Devils Lake,North Dakota,00000
1174,First Baptist Church Dickinson,Not publicly listed,Dickinson,North Dakota,00000
1190,St. Wenceslaus Catholic Church Dickinson,Not publicly listed,Dickinson,North Dakota,00000
1170,Faith United Methodist Church,Not publicly listed,Fargo,North Dakota,00000
1175,First Baptist Church Fargo,Not publicly listed,Fargo,North Dakota,00000
1176,First Baptist Church Grand Forks,Not publicly listed,Grand Forks,North Dakota,00000
1189,St. Michael's Catholic Church Grand Forks,Not publicly listed,Grand Forks,North Dakota,00000
1177,First Baptist Church Jamestown,Not publicly listed,Jamestown,North Dakota,00000
1184,St. James Catholic Church Jamestown,Not publicly listed,Jamestown,North Dakota,00000
1178,First Baptist Church Minot,Not publicly listed,Minot,North Dakota,00000
1183,Our Lady of Grace Catholic Church Minot,Not publicly listed,Minot,North Dakota,00000
1179,First Baptist Church Williston,Not publicly listed,Williston,North Dakota,00000
1186,St. Joseph Catholic Church Williston,Not publicly listed,Williston,North Dakota,00000
1195,First Baptist Church Akron,Not publicly listed,Akron,Ohio,00000
1205,St. Bernard Catholic Church Akron,Not publicly listed,Akron,Ohio,00000
1196,First Baptist Church Canton,Not publicly listed,Canton,Ohio,00000
1208,St. Peter Catholic Church Canton,Not publicly listed,Canton,Ohio,00000
1197,First Baptist Church Cincinnati,Not publicly listed,Cincinnati,Ohio,00000
1210,The Rock Church,Not publicly listed,Cleveland,Ohio,00000
1198,First Baptist Church Cleveland Heights,Not publicly listed,Cleveland Heights,Ohio,00000
1204,St. Ann Catholic Church Cleveland Heights,Not publicly listed,Cleveland Heights,Ohio,00000
1212,Xenos Christian Fellowship,Not publicly listed,Columbus,Ohio,00000
1199,First Baptist Church Dayton,Not publicly listed,Dayton,Ohio,00000
1207,St. Helen Catholic Church Dayton,Not publicly listed,Dayton,Ohio,00000
1200,First Baptist Church Toledo,Not publicly listed,Toledo,Ohio,00000
1201,First Baptist Church Youngstown,Not publicly listed,Youngstown,Ohio,00000
1206,St. Columba Cathedral Youngstown,Not publicly listed,Youngstown,Ohio,00000
1216,First Baptist Church Bartlesville,Not publicly listed,Bartlesville,Oklahoma,00000
1233,St. Luke Catholic Church Bartlesville,Not publicly listed,Bartlesville,Oklahoma,00000
1217,First Baptist Church Broken Arrow,Not publicly listed,Broken Arrow,Oklahoma,00000
1224,First United Methodist Church Broken Arrow,Not publicly listed,Broken Arrow,Oklahoma,00000
1218,First Baptist Church Enid,Not publicly listed,Enid,Oklahoma,00000
1231,St. Francis Xavier Catholic Church Enid,Not publicly listed,Enid,Oklahoma,00000
1219,First Baptist Church Lawton,Not publicly listed,Lawton,Oklahoma,00000
1228,Holy Family Catholic Church Lawton,Not publicly listed,Lawton,Oklahoma,00000
1220,First Baptist Church Muskogee,Not publicly listed,Muskogee,Oklahoma,00000
1225,First United Methodist Church Muskogee,Not publicly listed,Muskogee,Oklahoma,00000
1221,First Baptist Church Norman,Not publicly listed,Norman,Oklahoma,00000
1232,St. Joseph Catholic Church Norman,Not publicly listed,Norman,Oklahoma,00000
1227,Gateway Church,Not publicly listed,Oklahoma City,Oklahoma,00000
1238,First Baptist Church Albany,Not publicly listed,Albany,Oregon,00000
1254,St. Mary's Catholic Church Albany,Not publicly listed,Albany,Oregon,00000
1239,First Baptist Church Bend,Not publicly listed,Bend,Oregon,00000
1248,St. Francis of Assisi Catholic Church Bend,Not publicly listed,Bend,Oregon,00000
1240,First Baptist Church Corvallis,Not publicly listed,Corvallis,Oregon,00000
1251,St. Mary Catholic Church Corvallis,Not publicly listed,Corvallis,Oregon,00000
1241,First Baptist Church Eugene,Not publicly listed,Eugene,Oregon,00000
1252,St. Mary Catholic Church Eugene,Not publicly listed,Eugene,Oregon,00000
1242,First Baptist Church Gresham,Not publicly listed,Gresham,Oregon,00000
1249,St. Henry Catholic Church Gresham,Not publicly listed,Gresham,Oregon,00000
1243,First Baptist Church Medford,Not publicly listed,Medford,Oregon,00000
1255,St. Vincent de Paul Catholic Church Medford,Not publicly listed,Medford,Oregon,00000
1235,Bridge City Church,Not publicly listed,Portland,Oregon,00000
1256,Westside: A Jesus Church,Not publicly listed (multiple Portland-area locations),Portland,Oregon,00000
1245,First Baptist Church Salem,Not publicly listed,Salem,Oregon,00000
1250,St. Joseph Catholic Church Salem,Not publicly listed,Salem,Oregon,00000
1276,Renaissance Church,"Providence, RI (multiple locations used)",Providence,Rhode Island,00000
1295,The Rock,"Conway, SC",Conway,South Carolina,00000
1282,Fellowship Greenville,"Greenville, SC",Greenville,South Carolina,00000
1287,Love Story Church,"Greenville, SC",Greenville,South Carolina,00000
1290,Relentless Church,"Greenville, SC (multiple locations)",Greenville,South Carolina,00000
1289,Palmetto Pointe Church,"Myrtle Beach, SC",Myrtle Beach,South Carolina,00000
1284,First Baptist Simpsonville (Upstate Church),"Simpsonville, SC",Simpsonville,South Carolina,00000
1297,Calvary Chapel Rapid City,"Rapid City, SD",Rapid City,South Dakota,00000
1305,Fountain Springs Church,"Rapid City, SD",Rapid City,South Dakota,00000
1322,Fellowship Bible Church,"Brentwood, TN (multiple campuses)",Brentwood,Tennessee,00000
1319,East Ridge Church of God,"Chattanooga, TN",Chattanooga,Tennessee,00000
1337,Redemption Church,"Chattanooga, TN",Chattanooga,Tennessee,00000
1324,First Baptist Church Clarksville,"Clarksville, TN",Clarksville,Tennessee,00000
1344,The Gate Community Church,"Clarksville, TN",Clarksville,Tennessee,00000
1325,First Baptist Church Columbia,"Columbia, TN",Columbia,Tennessee,00000
1342,The Bridge Church,"Columbia, TN",Columbia,Tennessee,00000
1316,ClearView Baptist Church,"Franklin, TN",Franklin,Tennessee,00000
1345,The People's Church,"Franklin, TN",Franklin,Tennessee,00000
1328,Germantown Baptist Church,"Germantown, TN",Germantown (Memphis area),Tennessee,00000
1320,Englewood Baptist Church,"Jackson, TN",Jackson,Tennessee,00000
1321,Faith Promise Church,Multiple campuses in Knoxville area,Knoxville,Tennessee,00000
1327,Generation Church,"Lebanon, TN",Lebanon,Tennessee,00000
1333,Madison Church of Christ,"Madison, TN",Madison,Tennessee,00000
1326,First Baptist Church Maryville,"Maryville, TN",Maryville,Tennessee,00000
1336,New Providence Presbyterian Church,"Maryville, TN",Maryville,Tennessee,00000
1338,Relentless Church,"Memphis, TN (multiple locations)",Memphis,Tennessee,00000
1334,Middle Tennessee Baptist Church,"Murfreesboro, TN",Murfreesboro,Tennessee,00000
1346,Two Rivers Church,"Nashville, TN (multiple locations)",Nashville,Tennessee,00000
1318,Crossbridge Community Church,"Nolensville, TN",Nolensville,Tennessee,00000
1329,Grace Church,"Nolensville, TN",Nolensville / Nashville area,Tennessee,00000
1340,Signal Mountain Baptist Church,"Signal Mountain, TN",Signal Mountain,Tennessee,00000
1343,The Church at Station Hill,"Spring Hill, TN",Spring Hill,Tennessee,00000
1414,Real Life Church,"Layton, UT (multiple meeting locations)",Layton,Utah,00000
1405,Harvest Christian Fellowship,"Riverton, UT (meeting at local venues)",Riverton,Utah,00000
1424,Vineyard Salt Lake City,Salt Lake City (multi-site / rotating locations),Salt Lake City,Utah,00000
1421,Summit Church Utah,"Sandy, UT (rotating venues)",Sandy,Utah,00000
1408,Life Church Utah,"West Jordan, UT",West Jordan,Utah,00000
1457,National Community Church,Multiple locations in Northern Virginia & DC,Arlington / multiple campuses,Virginia,00000
1443,Bridgeway Church,"Ashburn, VA (multi-site)",Ashburn,Virginia,00000
1461,Solid Rock Church,"Chester, VA (multiple campuses)",Chester,Virginia,00000
1460,River Church,Multiple campuses in Greater Richmond,Richmond,Virginia,00000
1452,Grace Covenant Church,"Winchester, VA (multiple locations)",Winchester,Virginia,00000
1492,Vineyard Community Church,"Bellingham, WA (multiple venues)",Bellingham,Washington,00000
1473,Christ the King Community Church,Burlington / Mount Vernon area,Burlington,Washington,00000
1482,Northwest Church of Christ,"Federal Way, WA",Federal Way,Washington,00000
1491,Tri-Cities Baptist Church,"Kennewick, WA",Kennewick,Washington,00000
1470,Cascade Community Church,"Monroe, WA",Monroe,Washington,00000
1485,Quest Church,"Seattle, WA (multiple venues)",Seattle,Washington,00000
1486,Real Life Ministries,Multiple campuses in Eastern Washington & North Idaho,Spokane / Post Falls area,Washington,00000
1490,The Gathering Church,"Vancouver, WA (multiple locations)",Vancouver,Washington,00000
1478,Grace Baptist Church,"Wenatchee, WA",Wenatchee,Washington,00000
1493,Yakima Foursquare Church,"Yakima, WA",Yakima,Washington,00000
1515,New Hope Baptist Church,"Bluefield, WV",Bluefield,West Virginia,00000
1495,Bridgeport United Methodist Church,"Bridgeport, WV",Bridgeport,West Virginia,00000
1497,Calvary Chapel of the Panhandle,"Charles Town, WV",Charles Town,West Virginia,00000
1503,First Baptist Church of Clarksburg,"Clarksburg, WV",Clarksburg,West Virginia,00000
1507,First Presbyterian Church of Fairmont,"Fairmont, WV",Fairmont,West Virginia,00000
1523,Temple Baptist Church,"Fairmont, WV",Fairmont,West Virginia,00000
1505,First Christian Church (Disciples of Christ),"Huntington, WV",Huntington,West Virginia,00000
1513,Grace Gospel Church,"Martinsburg, WV",Martinsburg,West Virginia,00000
1512,Grace Fellowship Church,"Morgantown, WV",Morgantown,West Virginia,00000
1522,Sunrise Church,"Morgantown, WV (multiple locations)",Morgantown,West Virginia,00000
1516,New Martinsville Church of Christ,"New Martinsville, WV",New Martinsville,West Virginia,00000
1504,First Baptist Church of Princeton,"Princeton, WV",Princeton,West Virginia,00000
1510,First United Methodist Church of Weirton,"Weirton, WV",Weirton,West Virginia,00000
1518,St. Ann Catholic Church,"Weirton, WV",Weirton,West Virginia,00000
1530,Eau Claire Community Church,"Eau Claire, WI",Eau Claire,Wisconsin,00000
1532,Faith Community Church,"Hudson, WI",Hudson,Wisconsin,00000
1539,Living Word Lutheran Church,"Jackson, WI",Jackson / West Bend area,Wisconsin,00000
1527,CrossPoint Church,"Kenosha, WI",Kenosha,Wisconsin,00000
1538,Lake City Church,"Madison, WI (multiple locations)",Madison,Wisconsin,00000
1526,Christ the King Lutheran Church,"Milwaukee, WI",Milwaukee,Wisconsin,00000
1537,Hope Church,"Milwaukee, WI (multiple sites)",Milwaukee,Wisconsin,00000
1540,New Community Church,"Oshkosh, WI",Oshkosh,Wisconsin,00000
1547,The Rock Church,"Racine, WI",Racine,Wisconsin,00000
1524,Calvary Chapel of Sheboygan,"Sheboygan, WI",Sheboygan,Wisconsin,00000
1528,Crossroads Church,"Wausau, WI",Wausau,Wisconsin,00000
1542,River Valley Church,"Wisconsin Rapids, WI",Wisconsin Rapids,Wisconsin,00000
1549,Casper Community Church,"Casper, WY",Casper,Wyoming,00000
1580,Wyoming Community Church,"Casper, WY",Casper,Wyoming,00000
1564,Journey Church,"Cheyenne, WY",Cheyenne,Wyoming,00000
1567,Light of the World Christian Church,"Cheyenne, WY",Cheyenne,Wyoming,00000
1552,Cody Baptist Church,"Cody, WY",Cody,Wyoming,00000
1574,St. Anthony Catholic Church,"Cody, WY",Cody,Wyoming,00000
1553,Douglas First Baptist Church,"Douglas, WY",Douglas,Wyoming,00000
1575,St. Anthony Catholic Church,"Douglas, WY",Douglas,Wyoming,00000
1554,Evanston Bible Church,"Evanston, WY",Evanston,Wyoming,00000
1558,First United Methodist Church of Evanston,"Evanston, WY",Evanston,Wyoming,00000
1559,Gillette First Baptist Church,"Gillette, WY",Gillette,Wyoming,00000
1568,New Life Assembly of God,"Gillette, WY",Gillette,Wyoming,00000
1562,Jackson Hole Christian Center,"Jackson, WY",Jackson,Wyoming,00000
1563,Jackson Hole Community Church,"Jackson, WY (multiple locations)",Jackson,Wyoming,00000
1565,Laramie Church of Christ,"Laramie, WY",Laramie,Wyoming,00000
1566,Laramie First United Methodist Church,"Laramie, WY",Laramie,Wyoming,00000
1579,St. Paul's Newman Center,"Laramie, WY",Laramie,Wyoming,00000
1570,Rawlins First Baptist Church,"Rawlins, WY",Rawlins,Wyoming,00000
1571,Riverton First Baptist Church,"Riverton, WY",Riverton,Wyoming,00000
1577,St. Margaret's Catholic Church,"Riverton, WY",Riverton,Wyoming,00000
1561,Holy Spirit Catholic Church,"Rock Springs, WY",Rock Springs,Wyoming,00000
1572,Rock Springs Church of Christ,"Rock Springs, WY",Rock Springs,Wyoming,00000
1556,First Baptist Church of Sheridan,"Sheridan, WY",Sheridan,Wyoming,00000
1560,Holy Name Catholic Church,"Sheridan, WY",Sheridan,Wyoming,00000
1573,Sheridan Christian Fellowship,"Sheridan, WY",Sheridan,Wyoming,00000
